	summarized	lineages	abundances	resid	coverage
ENV_COV_24_1814_variants.tsv	[('BA.2.86* (BA.2.86.X)', 0.6999999973872532), ('KP.3* (KP.3.X)', 0.30000000247911257)]	KP.3.4 LB.1.3.2 LB.1.3.4 LB.1.3 LB.1.3.5 KP.2.3 KP.2.3.9	0.30000000 0.14655175 0.14655175 0.14655175 0.14655175 0.05689650 0.05689650	2.1945250308862976	28.2480018727218
ENV_COV_24_1761_variants.tsv	[('BA.2.86* (BA.2.86.X)', 0.6944440000349708), ('KP.3* (KP.3.X)', 0.30555599996247457)]	JN.1.48.3 KP.3.4	0.69444400 0.30555600	2.34682662089189	17.24910544092566
ENV_COV_24_1932_variants.tsv	[('BA.2.86* (BA.2.86.X)', 1.000000000000004)]	LB.1.3.2 LB.1.3 LB.1.3.5	0.33333334 0.33333333 0.33333333	1.1416265105481633	27.80991873725044
ENV_COV_24_1985_variants.tsv	[('BA.2.86* (BA.2.86.X)', 0.9999999999905786)]	LB.1.3.4 NZ.1	0.50000003 0.49999997	0.9356005007503922	35.30415008527572
ENV_COV_24_1870_variants.tsv	[('BA.2.86* (BA.2.86.X)', 0.6113359999477277), ('KP.3.1.1* (KP.3.1.1.X)', 0.23076899998168504), ('KP.3* (KP.3.X)', 0.15789500001938084)]	JN.1.16.5 JN.1.62 MC.19 KP.3.4 JN.1.26	0.25022500 0.25000000 0.23076900 0.15789500 0.11111100	3.1029559832201743	36.835768986389326
ENV_COV_24_1807_variants.tsv	[('BA.2.86* (BA.2.86.X)', 0.7333329998287996), ('KP.3* (KP.3.X)', 0.2666670000027926)]	LB.1.1 KP.3.4 LB.1.3.4	0.55686200 0.26666700 0.17647100	3.7730916743285734	27.33170584891148
