	summarized	lineages	abundances	resid	coverage
reads0.tsv	[('Other', 0.9999999999963562)]	MPX-Ia MPX-I	0.50000001 0.49999999	1.9520707248409752e-11	3.1788610053293715
reads3.tsv	[('Other', 1.0000000000040599)]	MPX-Ia MPX-Ib	0.80000000 0.20000000	0.7561542598222679	4.253862653327181
reads1.tsv	[('Other', 1.0000000002619418)]	MPX-Ib MPX-Ia	0.90000000 0.10000000	3.360049434779793	4.249806043334736
reads4.tsv	[('Other', 0.9999999997434503)]	MPX-Ia MPX-Ib	0.90614890 0.09385110	0.20453253926935522	4.237129137108347
reads2.tsv	[('Other', 0.9999999999834812)]	MPX-Ia MPX-Ib	0.86434100 0.13565900	1.350667478709492	4.254369729576236
